contrast_0,contrast_45,contrast_90,contrast_135,dissimilarity_0,dissimilarity_45,dissimilarity_90,dissimilarity_135,homogeneity_0,homogeneity_45,homogeneity_90,homogeneity_135,energy_0,energy_45,energy_90,energy_135,correlation_0,correlation_45,correlation_90,correlation_135,label
482.2142463,578.4061822,214.8717831,637.2705575,8.643321078,10.27973856,5.844209559,10.51813918,0.600771773,0.550127356,0.636065629,0.55387903,0.461812273,0.4553961,0.463398492,0.455463281,0.9659985,0.959265967,0.984849135,0.955120465,shirt
749.4611213,1026.249658,479.5421875,949.8656209,11.90245098,14.18918877,6.689583333,13.50769704,0.584990576,0.563713064,0.745216749,0.56458371,0.505360841,0.502049872,0.507645132,0.501912016,0.945619959,0.925647388,0.965204968,0.931181434,shirt
525.1589154,830.5297347,464.8245098,712.3154479,8.425551471,11.51378701,7.827205882,10.49507113,0.665379639,0.619546199,0.665965829,0.625158437,0.547751332,0.542095394,0.547538806,0.542285642,0.961432366,0.939123509,0.965863321,0.947788426,shirt
372.5997396,516.5677355,303.7012408,517.572872,5.460922181,7.693118032,5.708379289,7.72509035,0.796996609,0.646290501,0.685603507,0.644582369,0.329531642,0.321891964,0.326248289,0.321875371,0.973153493,0.962760572,0.978117995,0.962688133,shirt
333.488511,510.8809227,226.8090686,515.9897578,6.577022059,8.437339485,5.048039216,8.463606305,0.586341666,0.558398605,0.600706547,0.560275136,0.500885477,0.496405755,0.504274725,0.496375566,0.97498317,0.961735713,0.982985847,0.961353069,shirt
738.4126225,1025.132364,603.790625,1035.006044,8.12120098,11.08358324,7.310569853,11.13768551,0.76072781,0.682099258,0.757713692,0.681205335,0.452129011,0.445601529,0.452134368,0.445281993,0.950680042,0.93159802,0.959671696,0.930939199,shirt
360.4603248,553.8417224,335.9207414,566.1852518,6.131801471,8.437831603,5.346354167,8.456255286,0.758769948,0.715940824,0.798574306,0.716471929,0.594186703,0.589911535,0.595611803,0.589965873,0.968881901,0.952280324,0.971000374,0.95121679,shirt
154.7793045,223.5217993,116.5136949,228.5944483,5.696400123,7.550742022,4.794883578,7.611257209,0.602705721,0.536013569,0.635752443,0.534931738,0.384143457,0.379718002,0.389126497,0.380128452,0.987560351,0.982049173,0.990640084,0.981641752,shirt
2230.57837,3206.341992,2207.606679,3230.691211,22.12984069,29.85544022,22.30637255,30.04379854,0.615543625,0.527409595,0.608633777,0.52643563,0.372712663,0.363855127,0.373023819,0.363884273,0.860305988,0.799142249,0.861744632,0.797616919,shirt
281.4768995,418.0431526,199.5388787,408.7377163,4.089093137,5.442183775,3.020159314,5.372825836,0.800359546,0.767693906,0.837701064,0.767204129,0.625281965,0.621233555,0.628040237,0.621299012,0.976401791,0.96503567,0.983271237,0.965813959,shirt
274.9070772,383.6079047,189.3854167,381.895148,5.687745098,7.58200692,4.489889706,7.591234141,0.758762916,0.69990819,0.783518621,0.699863675,0.51326153,0.507367224,0.513924953,0.507455947,0.98108098,0.973640847,0.986966554,0.973758537,shirt
397.8840686,574.2657593,314.1972273,568.5996002,7.991084559,11.12982699,8.231632966,11.15098808,0.596406596,0.507661776,0.564479073,0.505941142,0.368928418,0.36416489,0.372229744,0.364181271,0.97333117,0.961544751,0.978953393,0.961924181,shirt
237.9907782,363.836832,204.3804841,342.0022453,3.078615196,4.319815456,2.634068627,4.146343714,0.840872613,0.809735944,0.866385751,0.812269336,0.72678383,0.723720336,0.727488847,0.72361704,0.974555338,0.96121164,0.978148766,0.963539408,shirt
181.0896446,284.7408228,166.5453431,319.8747251,5.387898284,6.76662822,4.249724265,7.071434064,0.597694575,0.557235746,0.644754308,0.55434042,0.461078255,0.456169871,0.462359628,0.456197157,0.987036173,0.979641755,0.988077369,0.97712977,shirt
265.4022059,338.3398693,182.7077206,334.6617147,4.099540441,4.935916955,2.668995098,4.884459823,0.829168003,0.809082541,0.88243601,0.810347306,0.688067676,0.685155025,0.690176969,0.68522331,0.975041703,0.968268077,0.982818253,0.96861304,shirt
540.0382966,936.4724029,703.368076,1069.017701,6.88348652,10.28542868,8.586764706,11.2754479,0.734008665,0.710621837,0.729908401,0.707477389,0.682473253,0.679611249,0.683721272,0.679472852,0.948909256,0.911641397,0.933457314,0.899135404,shirt
1148.751225,1354.206367,903.3018842,1385.470711,8.323682598,9.789665513,6.562300858,9.9957401,0.839384345,0.822672067,0.876411043,0.821284104,0.553779327,0.551747279,0.559812937,0.551538124,0.94490602,0.934985338,0.956679414,0.933484355,shirt
271.2432292,449.9648135,292.2904718,455.5379316,5.92432598,8.280507497,6.433057598,8.28579777,0.654331193,0.605548129,0.639809011,0.606696624,0.525260549,0.519880904,0.526764391,0.520141349,0.979972621,0.966834599,0.978418587,0.966423823,shirt
208.2525735,281.2493349,143.4882659,304.927797,6.260079657,7.892656671,5.150367647,8.141607074,0.60550007,0.555044483,0.621897874,0.555484012,0.471176417,0.465533957,0.473362165,0.465534771,0.984897942,0.97963042,0.989594519,0.9779155,shirt
503.0467678,654.2400308,336.9231464,655.5982314,8.269745711,10.52512111,6.398299632,10.55930796,0.739633075,0.686643506,0.761848733,0.686264976,0.524828479,0.519682053,0.527830291,0.519706995,0.96634571,0.956304005,0.977459533,0.956213263,shirt
326.3921262,489.777501,265.5009804,503.3448674,4.61216299,6.404521338,3.928155637,6.490549789,0.743909155,0.674405005,0.760416031,0.673540204,0.481828998,0.475761083,0.483114052,0.475649155,0.976411764,0.964650191,0.980812344,0.963670963,shirt
568.565625,802.6874279,419.791973,758.354233,8.278125,10.28336794,5.261519608,9.937008843,0.609254373,0.570078155,0.749423251,0.57317732,0.385976237,0.38101683,0.388690023,0.381067066,0.960784474,0.944660371,0.971045799,0.947716831,shirt
289.0125919,399.2772165,187.6985141,410.0321569,6.306525735,8.359015763,5.060523897,8.28556709,0.659805246,0.590454553,0.684949893,0.593385597,0.430679649,0.428540256,0.43652313,0.428544633,0.97747056,0.968901035,0.985369764,0.968063352,shirt
490.2810662,665.1674279,366.6022672,686.632649,8.640931373,10.58863514,6.51004902,10.75244906,0.5998269,0.558986425,0.675024505,0.558673249,0.438986017,0.433639715,0.440740727,0.43358159,0.963358622,0.950325605,0.972601813,0.948722593,shirt
568.8791973,744.4168243,413.8051164,816.5719339,8.799080882,10.8083045,6.827144608,11.6147328,0.680526972,0.634980553,0.721304897,0.629097437,0.470981177,0.465815388,0.473692204,0.465801979,0.960119302,0.947872233,0.970990613,0.942819574,shirt
697.3238971,926.3401153,573.691973,1053.220115,8.755085784,10.73743945,6.604993873,11.8300346,0.725088589,0.683585355,0.783042876,0.67873987,0.481889302,0.47645666,0.4836566,0.476482662,0.953588925,0.938423234,0.961817369,0.929989118,shirt
963.6548407,1609.186467,952.5393689,1577.340592,12.76363358,17.38737409,12.06829044,17.19311034,0.542548193,0.485549416,0.548033569,0.486339614,0.398260328,0.390579897,0.397960531,0.390402215,0.934682191,0.890992836,0.935435233,0.893150093,shirt
461.1604779,804.0029527,469.3584559,815.0192388,4.758425245,7.142760477,4.469332108,7.250872741,0.8045554,0.748607321,0.816698679,0.751448703,0.572848522,0.567028604,0.573309746,0.56711868,0.964498137,0.938228816,0.963867026,0.93738244,shirt
267.2363971,425.2015686,236.6580576,410.7077278,5.780974265,8.10331411,4.94564951,7.967151096,0.738236055,0.68425841,0.780881694,0.685334169,0.459851782,0.454902922,0.462570002,0.454899959,0.983014215,0.973005074,0.984957802,0.97392525,shirt
1056.001961,1587.482784,1190.876225,1542.742607,17.61136642,22.47000384,19.0598652,22.04699731,0.464003366,0.431427925,0.459480259,0.43460281,0.396960495,0.389150065,0.39660878,0.389200305,0.924684513,0.886828397,0.915065098,0.890017923,shirt
662.1412377,782.2032141,225.3492341,802.1094656,7.847610294,9.027204921,4.809191176,9.383929258,0.702294121,0.693513841,0.728833525,0.691010256,0.672197433,0.669074547,0.683939123,0.668953093,0.936350837,0.92501249,0.97833802,0.923104136,pants
677.1997089,821.6382007,261.4084099,828.3601538,8.283134191,9.718077662,5.232490809,9.850319108,0.670760962,0.666184076,0.710386438,0.664982263,0.641540154,0.640939661,0.656966298,0.641061413,0.938705355,0.925829448,0.976342203,0.925222588,pants
448.5820466,603.6104575,308.1821078,585.953218,7.366207108,8.737654748,5.858118873,8.607427912,0.734328574,0.725291895,0.75933611,0.726430077,0.713525145,0.710559141,0.724073962,0.710681664,0.953004879,0.936945723,0.967713698,0.938790232,pants
248.8688113,362.7395925,209.5782475,358.9225682,6.210324755,7.558508266,5.541758578,7.509480969,0.698096162,0.68828477,0.709983535,0.688787383,0.667677241,0.664382941,0.674429689,0.664337841,0.97634956,0.965620309,0.980083411,0.965982079,pants
250.7384804,314.3588158,107.2917279,339.9407305,3.486060049,4.141176471,1.855974265,4.293425606,0.84335011,0.832086548,0.881215643,0.831164821,0.805589434,0.803036005,0.813288763,0.802422396,0.962242432,0.952816106,0.983843426,0.948976372,pants
1052.333088,1257.515417,531.8098346,1225.784175,10.57034314,11.86445213,7.228952206,11.74499039,0.738635475,0.732923141,0.769998427,0.732212795,0.717084367,0.714638657,0.728240149,0.714730837,0.888699703,0.867383322,0.943752987,0.870729676,pants
965.7899816,1176.017839,353.5711397,1202.295302,10.92634804,12.41805459,6.000520833,12.65910035,0.663679166,0.654941938,0.698514615,0.653618715,0.636022774,0.632735505,0.646126534,0.632675443,0.914361157,0.895979687,0.968648025,0.893655411,pants
526.2656556,669.0617762,148.318076,565.3617839,7.73314951,9.592525952,4.142064951,8.299546328,0.644887167,0.615306906,0.688825644,0.623496811,0.559635242,0.556745763,0.570039128,0.55649504,0.95875946,0.947677231,0.988377431,0.955786902,pants
1017.562439,1288.118416,372.2808824,1208.852534,11.28854167,13.51495579,7.059375,12.74349865,0.630518349,0.620254876,0.658295474,0.622291359,0.601072082,0.597448856,0.612078179,0.597496275,0.91458121,0.892117188,0.96874906,0.898755884,pants
653.007261,628.6362784,217.654902,863.7296424,7.479963235,7.658408305,4.566268382,9.391249519,0.724027526,0.715350733,0.744914529,0.708806127,0.685539979,0.683895986,0.692073191,0.683128038,0.936292216,0.938837522,0.978765456,0.915964371,pants
749.4280637,913.4477201,228.684038,915.0939792,7.639368873,8.921645521,3.802696078,8.989650135,0.772444395,0.76273584,0.8194205,0.760779831,0.733207811,0.730834137,0.744216271,0.730741099,0.915389946,0.897176285,0.974181686,0.896990971,pants
588.3046262,760.2954248,278.7574142,764.858193,7.093351716,8.473233372,4.590441176,8.492333718,0.776829302,0.769342754,0.797603869,0.769887994,0.750567611,0.748925209,0.758866044,0.748987531,0.930672775,0.910676759,0.967150559,0.910140703,pants
809.6795037,913.7209227,261.4070313,931.0993772,9.353247549,10.2820915,5.432429534,10.39395617,0.716914562,0.714409214,0.753986866,0.713693426,0.701195681,0.70077374,0.717829028,0.700620177,0.91588817,0.905360465,0.972847638,0.903560474,pants
914.8217218,1071.235063,240.4286152,1084.74273,8.514307598,9.94094579,4.191268382,9.970811226,0.701591254,0.690970043,0.743805665,0.691247297,0.66240984,0.660689928,0.675529993,0.660626186,0.91415761,0.899750245,0.977440338,0.898486153,pants
988.0614583,1310.699669,374.2783395,1185.891457,9.333946078,12.16079969,6.04598652,11.11587851,0.708118158,0.677998619,0.729659385,0.682403898,0.64423186,0.64158978,0.656084613,0.641499062,0.912305752,0.883963255,0.96678136,0.895012574,pants
258.6348958,386.4746175,177.3224571,366.3124029,5.432414216,6.794340638,4.052389706,6.676232218,0.71699396,0.707499846,0.749925679,0.707362403,0.689405066,0.686308957,0.701547521,0.68646086,0.974233191,0.961604407,0.982334039,0.963607488,pants
823.6248162,1042.836478,516.6032782,1104.42396,9.94877451,12.00221453,8.579044118,12.61124183,0.71108613,0.70409637,0.727198475,0.703241868,0.69330316,0.691214663,0.703477283,0.691336811,0.917669512,0.896048771,0.948359834,0.889909655,pants
869.7801164,1155.031665,470.7133885,1166.188881,10.00621936,12.56489043,7.832965686,12.66642061,0.636130149,0.620293635,0.650640761,0.620870229,0.597547303,0.593319796,0.605874048,0.593212732,0.927615545,0.904094784,0.960826499,0.903168372,pants
1003.373162,1166.255025,312.2766085,1165.659715,9.25971201,10.47795463,5.022104779,10.54992695,0.727776275,0.723885811,0.768567923,0.722602577,0.700089425,0.698877521,0.713507632,0.698876808,0.898427537,0.882275995,0.968388884,0.882336087,pants
199.6466299,327.6552403,169.536152,316.633787,6.223192402,8.466620531,5.873345588,8.367889273,0.525375127,0.485046828,0.519632353,0.486939971,0.388232187,0.383660478,0.389625803,0.383428745,0.985592697,0.976368475,0.987765633,0.977163377,pants
442.8520833,550.6538408,227.4092831,551.4962553,8.416973039,9.789096501,6.145128676,9.800999616,0.605159506,0.597717617,0.634957769,0.597692778,0.565940521,0.565629092,0.579279853,0.565236317,0.964589133,0.956072396,0.981820519,0.956005161,pants
1093.586428,1330.995525,627.4768995,1383.669204,14.43927696,16.05767013,10.4950674,16.6059208,0.590651746,0.581558632,0.613807303,0.58141125,0.567296206,0.563713816,0.577214714,0.563894731,0.91199631,0.893111597,0.949505333,0.888881526,pants
604.5709252,719.8855825,244.9926777,747.4343714,6.886366422,7.911726259,4.383210784,8.100668973,0.785355602,0.777458903,0.80995705,0.776466064,0.764914845,0.763336478,0.777457059,0.763366509,0.924768978,0.910699258,0.969513834,0.907281871,pants
1167.844822,1381.982376,648.6029718,1561.937163,13.85931373,15.64392157,11.10870098,16.99041907,0.606371774,0.599082269,0.624079457,0.597226818,0.584248061,0.581780544,0.593513403,0.581535167,0.903086556,0.885556171,0.94617577,0.870653872,pants
273.0344975,315.8774933,161.8445772,420.7436832,5.668198529,6.312802768,4.041268382,7.479307958,0.684320494,0.675123238,0.720367657,0.667671031,0.636171265,0.634359576,0.64719808,0.633286861,0.97489805,0.971031051,0.985120508,0.961413831,pants
984.9832108,1247.497178,586.3030025,1270.197616,13.24160539,15.46826605,10.30713848,15.70961938,0.583157727,0.566695595,0.604321623,0.566533984,0.535840751,0.531896587,0.54343389,0.532030142,0.923841212,0.903714369,0.95466712,0.901962177,pants
865.8110294,1013.813057,206.8604779,954.4382007,9.977849265,11.15444829,4.37120098,10.6925644,0.684940041,0.678576354,0.724840228,0.68011532,0.661233917,0.659387746,0.672453394,0.659297253,0.91864218,0.904955475,0.980556325,0.910521841,pants
658.5928922,778.9656901,226.1007659,799.0179162,7.837224265,9.011887735,4.811519608,9.362891196,0.701870503,0.693139607,0.728928539,0.69093551,0.672244879,0.669121643,0.684077031,0.66904641,0.936662712,0.925288483,0.978255749,0.92336525,pants
637.9604167,824.6230527,266.6279412,826.115494,7.371047794,9.19526336,4.910631127,9.1455594,0.747794549,0.737379352,0.771014054,0.737051051,0.722283286,0.718913311,0.731974573,0.71886774,0.931346717,0.911518277,0.97130718,0.911358138,pants
584.0604626,740.208812,279.5734222,841.6532257,8.254396446,9.527258747,5.505009191,11.02602076,0.663321591,0.645061909,0.696246859,0.638744452,0.606730138,0.603259372,0.61715316,0.603076013,0.949354445,0.935958964,0.975757388,0.927182166,pants
377.8699142,490.6579316,175.4719669,461.6449673,6.085784314,7.139346405,3.024785539,6.84509035,0.719028185,0.70331915,0.80360981,0.702352616,0.665824242,0.662834787,0.669210507,0.662819775,0.96426868,0.953724043,0.983407398,0.956460374,dress
261.9693934,326.9303499,89.43756127,301.3585544,3.886243873,4.452995002,1.919546569,4.319938485,0.834074271,0.82742637,0.868477601,0.828411709,0.803843046,0.803970676,0.814345727,0.804186307,0.959151458,0.949112215,0.986033482,0.95309255,dress
501.2237439,491.8489196,96.82113971,601.8465821,7.31528799,7.250811226,2.471783088,8.172856594,0.739082001,0.736489567,0.788244755,0.732239983,0.713563205,0.712181318,0.720774909,0.711690983,0.946911501,0.948013113,0.989736848,0.936386706,dress
922.912163,993.7369319,367.7967831,1098.937824,13.26219363,13.42809689,7.206862745,14.27088043,0.549612655,0.552099096,0.601651427,0.547052418,0.50892333,0.508592735,0.516453744,0.508378378,0.930341585,0.925106668,0.972236502,0.917178212,dress
399.1601409,446.6716955,159.9270987,440.3678739,7.336672794,7.706435986,3.993581495,7.622222222,0.648358733,0.640031978,0.69031259,0.639175727,0.605152311,0.60347741,0.606921254,0.603630357,0.966607684,0.962717796,0.986621123,0.963243955,dress
319.160386,351.4137332,62.31770833,373.4745406,5.557107843,5.985728566,1.783609069,6.227081892,0.80212433,0.794776996,0.856285803,0.794423995,0.781817508,0.779111433,0.785210904,0.778743816,0.955904871,0.951600581,0.991390199,0.948562196,dress
579.0282782,731.1240292,321.2272978,735.0335102,8.460079657,9.679938485,6.030392157,9.725643983,0.763740706,0.760904608,0.774974643,0.760768428,0.751773699,0.75066117,0.756639534,0.750600583,0.931642473,0.913927462,0.962068047,0.913467213,dress
408.8847426,450.2938255,90.87261029,475.2201461,6.843627451,7.45857747,2.784681373,7.546020761,0.758509739,0.753002929,0.790775112,0.754319866,0.738754084,0.736530183,0.741957141,0.737221394,0.950579734,0.94573526,0.989016591,0.942731398,dress
791.4792279,962.1428374,409.5332414,994.0362015,11.88884804,13.15395617,6.612101716,13.20744329,0.601024072,0.586278454,0.652610892,0.587296913,0.54244627,0.539627671,0.542062148,0.539568156,0.938363705,0.925208915,0.968107676,0.92272972,dress
497.5749081,667.708912,386.7750613,680.2411995,8.41908701,9.520799692,6.342647059,9.689565552,0.613463831,0.606311468,0.653907459,0.60431616,0.571228376,0.567937315,0.570346941,0.567890551,0.958335501,0.944200448,0.967613341,0.943153141,dress
251.9560968,308.8794771,126.0145527,302.2176086,6.162928922,6.691826221,3.225275735,6.711295656,0.699750135,0.696674882,0.740698575,0.694473804,0.671501714,0.669187536,0.673936195,0.668941046,0.976007909,0.970665408,0.988000478,0.971298092,dress
547.1817096,660.0696963,260.5068934,659.3509881,7.409375,8.410119185,5.224601716,8.424636678,0.713704405,0.701900686,0.729956292,0.701052811,0.675633554,0.672324755,0.678643893,0.672278962,0.94788702,0.937301102,0.975189612,0.937369371,dress
517.1870711,572.0587005,176.6050705,625.8916263,7.11963848,7.557693195,3.265793505,7.975963091,0.773026157,0.769161027,0.818626104,0.769034206,0.750367066,0.749385737,0.756096887,0.749462913,0.939334134,0.933101165,0.979284417,0.926805727,dress
1058.805974,1052.625236,256.4132353,1181.814195,12.45006127,12.43610919,4.522824755,13.26717416,0.70171347,0.69926109,0.754221282,0.698523843,0.68574404,0.683593221,0.689281053,0.683759401,0.896315937,0.897201739,0.974890681,0.884585283,dress
237.2646752,324.954802,114.4693321,281.0640523,4.713235294,5.62651288,2.903676471,5.297654748,0.694048767,0.683134924,0.754899571,0.685537032,0.634390567,0.632138537,0.635865688,0.632185645,0.978671905,0.970859709,0.989710171,0.974795608,dress
842.2220588,977.6570088,599.6341759,1040.709835,11.26188725,12.15383314,9.387668505,12.55023453,0.698731692,0.69446,0.704565103,0.694482087,0.681591653,0.679848555,0.683648414,0.680000528,0.916886574,0.903757891,0.940812988,0.897550871,dress
640.1164522,670.7193541,372.1652267,754.5658439,10.85909926,11.06998847,7.68504902,11.87389466,0.559562064,0.556405368,0.587994211,0.552753712,0.513153029,0.512550042,0.5171418,0.512624995,0.949436557,0.947063515,0.970581005,0.940445936,dress
348.3810049,425.7855133,123.2777727,415.7979393,5.708210784,6.401922338,2.521829044,6.344713572,0.776925638,0.771407432,0.82352153,0.770318049,0.74190286,0.740520103,0.747237,0.740519017,0.960096141,0.951361519,0.985875392,0.952502423,dress
340.2158395,428.1584314,230.6625306,418.1587697,6.352175245,7.037385621,4.207261029,7.112126105,0.698721532,0.690547951,0.73428924,0.689603797,0.661177808,0.658467984,0.661618447,0.658393069,0.966456292,0.95789111,0.977257742,0.958874565,dress
313.6105086,428.5528335,219.6874387,417.6305421,5.238480392,6.117954633,3.899785539,5.981637832,0.758646188,0.752840123,0.78342049,0.753179648,0.727744001,0.726183289,0.728969032,0.725984555,0.965558017,0.953071382,0.975873031,0.954267426,dress
706.5199449,780.8243906,171.0862132,806.1969396,9.183915441,9.756647443,3.084191176,9.92839677,0.720251674,0.712764101,0.794321529,0.712266591,0.698349278,0.695819899,0.702821041,0.695881217,0.928772832,0.921503002,0.982752397,0.918952277,dress
581.4059743,659.4851826,341.1769608,667.4949327,8.80557598,9.642137639,5.273131127,9.722998847,0.631486104,0.621602686,0.707157439,0.621939238,0.585529952,0.582781494,0.586384265,0.583024983,0.952916469,0.946708081,0.972370742,0.946060826,dress
730.7816176,808.685521,241.3171262,886.7661361,8.834252451,9.496593618,3.766911765,10.06723568,0.726494486,0.718115279,0.791277333,0.717618559,0.697505467,0.694742025,0.703199474,0.694757494,0.927209462,0.919674329,0.975963266,0.911918684,dress
865.8584712,942.761015,636.9352482,1034.913956,14.22651654,14.98028451,11.95528493,15.42778931,0.499971968,0.497557727,0.514742055,0.496612515,0.459211592,0.458931204,0.463648433,0.459082688,0.937627972,0.932160157,0.954107886,0.925529007,dress
803.4384804,929.9574779,242.5778033,875.855917,11.11853554,12.00865821,5.270634191,11.85253364,0.56577009,0.553909005,0.626655726,0.555682036,0.499930113,0.498865294,0.507366655,0.498458062,0.938165281,0.928479505,0.981315807,0.932640309,dress
733.7799939,934.5716571,520.9993566,962.6392618,9.209252451,10.39224913,5.798161765,10.52601307,0.660645032,0.652347879,0.720529722,0.653677682,0.625613287,0.623053654,0.625377182,0.623191532,0.936834818,0.919742396,0.955151382,0.917332053,dress
902.7892157,1051.460115,286.4574142,997.6309419,12.69019608,13.60341407,5.472947304,13.42489812,0.630858336,0.624182374,0.692001373,0.623755705,0.605638656,0.602581101,0.608614397,0.602809447,0.920506886,0.907617058,0.974776624,0.912346574,dress
477.0637561,555.658316,148.5726409,540.5498501,5.829503676,6.380253749,2.470220588,6.265805459,0.806991207,0.803956944,0.840183412,0.803552304,0.789668185,0.788779422,0.795382664,0.788734558,0.935578783,0.925202456,0.979936246,0.927236217,dress
538.6219975,598.4298039,194.4344056,651.382699,7.815165441,8.177593233,3.972855392,8.649134948,0.741375916,0.73676979,0.771901794,0.736649663,0.720170267,0.717967026,0.722023933,0.718164996,0.940179951,0.933725124,0.978405866,0.927860699,dress
398.9072304,443.0921338,101.5862745,448.5890657,5.841053922,6.251103422,2.133823529,6.268911957,0.762197614,0.75991573,0.812028626,0.758599208,0.739714517,0.738862494,0.745312171,0.738678418,0.953902812,0.948951957,0.988261618,0.948318663,dress
